{
  "benign_mean": [
    0.3094909191131592,
    0.4203650951385498,
    0.49444252252578735,
    0.5726293325424194,
    0.5848554372787476,
    0.6350241899490356,
    0.6322112679481506,
    0.6426539421081543,
    0.6624704003334045,
    0.6959123611450195
  ],
  "byzantine_mean": [
    0.5868375897407532,
    0.6707671284675598,
    0.7218340635299683,
    0.7715039253234863,
    0.7789666056632996,
    0.8091192245483398,
    0.8076488375663757,
    0.8140543103218079,
    0.8255676031112671,
    0.8446431159973145
  ],
  "accuracy": [
    9.64,
    11.34,
    14.069999999999999,
    17.29,
    21.029999999999998,
    24.72,
    31.81,
    37.6,
    42.370000000000005,
    47.25
  ]
}