{
  "benign_mean": [
    0.1857328712940216,
    0.26606839895248413,
    0.31546473503112793,
    0.3596595823764801,
    0.3870285153388977,
    0.4077644348144531,
    0.4268917143344879,
    0.44041070342063904,
    0.45239201188087463,
    0.46759796142578125
  ],
  "byzantine_mean": [
    0.39907902479171753,
    0.47175416350364685,
    0.5130903124809265,
    0.5473763346672058,
    0.5686317682266235,
    0.5841412544250488,
    0.5987822413444519,
    0.6084635853767395,
    0.6170197129249573,
    0.6275760531425476
  ],
  "accuracy": [
    16.650000000000002,
    17.97,
    19.53,
    22.25,
    26.979999999999997,
    31.72,
    38.05,
    43.63,
    48.18,
    50.77
  ]
}