{
  "benign_mean": [
    0.04292796179652214,
    0.08059559017419815,
    0.11683235317468643,
    0.14448699355125427,
    0.16730505228042603,
    0.17854191362857819,
    0.18757548928260803,
    0.20240941643714905,
    0.21038489043712616,
    0.2169940024614334
  ],
  "byzantine_mean": [
    -0.09322699159383774,
    -0.14663323760032654,
    -0.19338376820087433,
    -0.22566547989845276,
    -0.2508614957332611,
    -0.2630559802055359,
    -0.27390092611312866,
    -0.290139377117157,
    -0.29942911863327026,
    -0.30724066495895386
  ],
  "accuracy": [
    6.819999999999999,
    6.959999999999999,
    7.779999999999999,
    9.21,
    11.05,
    13.41,
    15.959999999999999,
    17.9,
    20.150000000000002,
    24.9
  ]
}